[{"model": "admin.logentry", "pk": 1, "fields": {"action_time": "2021-08-08T18:22:08.484", "user": 1, "content_type": 6, "object_id": "6", "object_repr": "Все", "action_flag": 3, "change_message": ""}}, {"model": "admin.logentry", "pk": 2, "fields": {"action_time": "2021-08-11T16:27:18.064", "user": 1, "content_type": 7, "object_id": "3", "object_repr": "Стул красный (Стулья) - 3", "action_flag": 2, "change_message": "[{\"changed\": {\"fields\": [\"Image\"]}}]"}}, {"model": "admin.logentry", "pk": 3, "fields": {"action_time": "2021-08-16T11:11:31.711", "user": 1, "content_type": 7, "object_id": "6", "object_repr": "132 (Классика) - 6", "action_flag": 3, "change_message": ""}}, {"model": "admin.logentry", "pk": 4, "fields": {"action_time": "2021-08-16T11:11:31.715", "user": 1, "content_type": 7, "object_id": "4", "object_repr": "798 (Стулья) - 4", "action_flag": 3, "change_message": ""}}, {"model": "admin.logentry", "pk": 5, "fields": {"action_time": "2021-08-16T11:14:04.142", "user": 1, "content_type": 7, "object_id": "7", "object_repr": "Диван 2 (Диваны) - 7", "action_flag": 1, "change_message": "[{\"added\": {}}]"}}, {"model": "admin.logentry", "pk": 6, "fields": {"action_time": "2021-08-16T11:14:39.522", "user": 1, "content_type": 7, "object_id": "8", "object_repr": "Диван 3 (Диваны) - 8", "action_flag": 1, "change_message": "[{\"added\": {}}]"}}, {"model": "admin.logentry", "pk": 7, "fields": {"action_time": "2021-08-16T11:15:03.170", "user": 1, "content_type": 7, "object_id": "9", "object_repr": "Диван 4 (Диваны) - 9", "action_flag": 1, "change_message": "[{\"added\": {}}]"}}, {"model": "admin.logentry", "pk": 8, "fields": {"action_time": "2021-08-16T11:15:12.485", "user": 1, "content_type": 7, "object_id": "10", "object_repr": "Д (Диваны) - 10", "action_flag": 1, "change_message": "[{\"added\": {}}]"}}, {"model": "admin.logentry", "pk": 9, "fields": {"action_time": "2021-08-16T11:15:51.377", "user": 1, "content_type": 7, "object_id": "10", "object_repr": "Диван 5 (Диваны) - 10", "action_flag": 2, "change_message": "[{\"changed\": {\"fields\": [\"\\u0418\\u043c\\u044f \\u043f\\u0440\\u043e\\u0434\\u0443\\u043a\\u0442\\u0430\", \"Image\", \"\\u041a\\u0440\\u0430\\u0442\\u043a\\u043e\\u0435 \\u043e\\u043f\\u0438\\u0441\\u0430\\u043d\\u0438\\u0435 \\u043f\\u0440\\u043e\\u0434\\u0443\\u043a\\u0442\\u0430\", \"\\u041e\\u043f\\u0438\\u0441\\u0430\\u043d\\u0438\\u0435 \\u043f\\u0440\\u043e\\u0434\\u0443\\u043a\\u0442\\u0430\", \"\\u0426\\u0435\\u043d\\u0430 \\u043f\\u0440\\u043e\\u0434\\u0443\\u043a\\u0442\\u0430\", \"\\u041a\\u043e\\u043b\\u0438\\u0447\\u0435\\u0441\\u0442\\u0432\\u043e \\u043d\\u0430 \\u0441\\u043a\\u043b\\u0430\\u0434\\u0435\"]}}]"}}, {"model": "admin.logentry", "pk": 10, "fields": {"action_time": "2021-08-16T11:16:21.478", "user": 1, "content_type": 7, "object_id": "11", "object_repr": "Диван 6 (Диваны) - 11", "action_flag": 1, "change_message": "[{\"added\": {}}]"}}, {"model": "admin.logentry", "pk": 11, "fields": {"action_time": "2021-08-16T11:17:15.884", "user": 1, "content_type": 7, "object_id": "12", "object_repr": "Стул 3 (Стулья) - 12", "action_flag": 1, "change_message": "[{\"added\": {}}]"}}, {"model": "admin.logentry", "pk": 12, "fields": {"action_time": "2021-08-16T11:17:51.723", "user": 1, "content_type": 7, "object_id": "13", "object_repr": "Стул 4 (Стулья) - 13", "action_flag": 1, "change_message": "[{\"added\": {}}]"}}, {"model": "admin.logentry", "pk": 13, "fields": {"action_time": "2021-08-16T13:46:01.462", "user": 1, "content_type": 7, "object_id": "9", "object_repr": "Диван 4 (Диваны) - 9", "action_flag": 2, "change_message": "[{\"changed\": {\"fields\": [\"Image\"]}}]"}}, {"model": "admin.logentry", "pk": 14, "fields": {"action_time": "2021-08-16T13:46:42.482", "user": 1, "content_type": 7, "object_id": "14", "object_repr": "Модерн 1 (Модерн) - 14", "action_flag": 1, "change_message": "[{\"added\": {}}]"}}, {"model": "admin.logentry", "pk": 15, "fields": {"action_time": "2021-08-16T13:47:12.747", "user": 1, "content_type": 7, "object_id": "15", "object_repr": "Модерн 2 (Модерн) - 15", "action_flag": 1, "change_message": "[{\"added\": {}}]"}}, {"model": "admin.logentry", "pk": 16, "fields": {"action_time": "2021-08-16T13:47:30.519", "user": 1, "content_type": 7, "object_id": "16", "object_repr": "Модерн 3 (Модерн) - 16", "action_flag": 1, "change_message": "[{\"added\": {}}]"}}, {"model": "admin.logentry", "pk": 17, "fields": {"action_time": "2021-08-16T13:48:16.240", "user": 1, "content_type": 7, "object_id": "17", "object_repr": "Классика 1 (Классика) - 17", "action_flag": 1, "change_message": "[{\"added\": {}}]"}}, {"model": "admin.logentry", "pk": 18, "fields": {"action_time": "2021-08-16T13:48:47.999", "user": 1, "content_type": 7, "object_id": "18", "object_repr": "Классика 2 (Классика) - 18", "action_flag": 1, "change_message": "[{\"added\": {}}]"}}, {"model": "admin.logentry", "pk": 19, "fields": {"action_time": "2021-08-16T13:49:14.031", "user": 1, "content_type": 7, "object_id": "19", "object_repr": "Классика 3 (Классика) - 19", "action_flag": 1, "change_message": "[{\"added\": {}}]"}}, {"model": "admin.logentry", "pk": 20, "fields": {"action_time": "2021-08-16T15:59:43.364", "user": 1, "content_type": 8, "object_id": "2", "object_repr": "Admin", "action_flag": 2, "change_message": "[{\"changed\": {\"fields\": [\"Staff status\"]}}]"}}, {"model": "admin.logentry", "pk": 21, "fields": {"action_time": "2021-08-16T16:00:39.976", "user": 1, "content_type": 8, "object_id": "2", "object_repr": "Admin", "action_flag": 2, "change_message": "[{\"changed\": {\"fields\": [\"Staff status\"]}}]"}}, {"model": "admin.logentry", "pk": 22, "fields": {"action_time": "2021-08-24T18:20:15.666", "user": 1, "content_type": 17, "object_id": "1", "object_repr": "Текущий заказ: 1", "action_flag": 1, "change_message": "[{\"added\": {}}]"}}, {"model": "sessions.session", "pk": "57os1jwwe2kwkhsw1lty17028aq1esex", "fields": {"session_data": ".eJxVjEEOwiAQRe_C2hAQBopL956BzDAgVUOT0q6Md7dNutDtf-_9t4i4LjWuPc9xZHERWpx-N8L0zG0H_MB2n2Sa2jKPJHdFHrTL28T5dT3cv4OKvW51MMkGDEwIzmsDwAE8KUNhI6QKeTC2FASvnDsPmpPWVjlky5YGbcXnC9HHN0I:1mPPSm:h-lDzxy5Vo_phbsz1sSP2xpIapkLGlb1qAFm_gegcGE", "expire_date": "2021-09-26T13:24:04.681"}}, {"model": "sessions.session", "pk": "mvwc7utt3o0jj3tbrla60v3mgpuj66sv", "fields": {"session_data": ".eJxVjEEOwiAQRe_C2hAQBopL956BzDAgVUOT0q6Md7dNutDtf-_9t4i4LjWuPc9xZHERWpx-N8L0zG0H_MB2n2Sa2jKPJHdFHrTL28T5dT3cv4OKvW51MMkGDEwIzmsDwAE8KUNhI6QKeTC2FASvnDsPmpPWVjlky5YGbcXnC9HHN0I:1mDRVs:lbUDKe2pq-ShpFuWSsWqgWqLxv_ncAwSE8ZIaChq004", "expire_date": "2021-08-24T13:09:48.433"}}, {"model": "sessions.session", "pk": "p5p6kbm3ntd7cy4nddsjuv86wse44jgb", "fields": {"session_data": ".eJxVjEEOwiAQRe_C2hAQBopL956BzDAgVUOT0q6Md7dNutDtf-_9t4i4LjWuPc9xZHERWpx-N8L0zG0H_MB2n2Sa2jKPJHdFHrTL28T5dT3cv4OKvW51MMkGDEwIzmsDwAE8KUNhI6QKeTC2FASvnDsPmpPWVjlky5YGbcXnC9HHN0I:1mJJbS:4oc-iRVfF_ljrhnftvCCDStomLmT1YK-37xd6nmTahY", "expire_date": "2021-09-09T17:55:50.859"}}, {"model": "sessions.session", "pk": "udey5r61fwg4jl098o9bz0w4ag0asmfs", "fields": {"session_data": ".eJxVjEEOwiAQRe_C2hAQBopL956BzDAgVUOT0q6Md7dNutDtf-_9t4i4LjWuPc9xZHERWpx-N8L0zG0H_MB2n2Sa2jKPJHdFHrTL28T5dT3cv4OKvW51MMkGDEwIzmsDwAE8KUNhI6QKeTC2FASvnDsPmpPWVjlky5YGbcXnC9HHN0I:1mIWP4:oBm38LnQ0e5zt3xP3QGv7nBhzrgXJb8SWWSoly-nJis", "expire_date": "2021-09-07T13:23:46.299"}}, {"model": "sessions.session", "pk": "zmkli3hhwv8lc83czgmvdvba0afe42x6", "fields": {"session_data": ".eJxVj1ELgjAUhf_Lnsvmdc7szZeKIoIKiV7G3ZwpmkLbQor-exoR9fpdvnPOfZBGd5bMyISMyK0at-hsAcJYtLqn8y0v3WHe7ai73I9uzU6bFZyDZdql-wWapJfEYAhn9FWUWa_wfyZRVboZDqZVJdZCtVftfajxbpWXrrfJUPrvFWiKXgKkzM_DKILchyxWyKSUjAKPY-0DjUM5DSJUOfJA5SFIiiHDCKREPqWZP4z59L6jazRW1O25bH6Gfd8mzxdP91jp:1mIs07:98nok6rnLQgJQvjgh6ClD5G4qK1ceFFz2ZKVOhS1lW8", "expire_date": "2021-09-08T12:27:27.232"}}, {"model": "mainapp.productcategory", "pk": 1, "fields": {"name": "Стулья", "description": "Удобные стулья", "created": "2021-08-06T21:46:50.253", "updated": "2021-09-12T14:53:56.433", "is_active": true}}, {"model": "mainapp.productcategory", "pk": 2, "fields": {"name": "Диваны", "description": "Самые лучшие диваны", "created": "2021-08-06T21:46:50.257", "updated": "2021-08-06T21:46:50.257", "is_active": true}}, {"model": "mainapp.productcategory", "pk": 3, "fields": {"name": "Модерн", "description": "Современная мебель", "created": "2021-08-06T21:46:50.260", "updated": "2021-08-06T21:46:50.260", "is_active": true}}, {"model": "mainapp.productcategory", "pk": 4, "fields": {"name": "Классика", "description": "Классические модели", "created": "2021-08-06T21:46:50.262", "updated": "2021-09-12T13:39:57.181", "is_active": false}}, {"model": "mainapp.productcategory", "pk": 5, "fields": {"name": "Новинки", "description": "Новые поступления", "created": "2021-08-06T21:46:50.264", "updated": "2021-08-06T21:46:50.264", "is_active": true}}, {"model": "mainapp.productcategory", "pk": 7, "fields": {"name": "чтото", "description": "очень интересное", "created": "2021-08-10T13:54:51.674", "updated": "2021-09-12T13:38:56.639", "is_active": false}}, {"model": "mainapp.productcategory", "pk": 8, "fields": {"name": "ghj", "description": "kgfdsj", "created": "2021-08-10T14:46:15.292", "updated": "2021-09-12T13:24:18.956", "is_active": false}}, {"model": "mainapp.productcategory", "pk": 9, "fields": {"name": "dsag", "description": "asdg", "created": "2021-08-10T14:53:09.125", "updated": "2021-08-11T17:55:32.427", "is_active": true}}, {"model": "mainapp.product", "pk": 1, "fields": {"category": 1, "name": "Стул фамильный", "image": "products_images/product-4_dBbT3iX.jpg", "short_desc": "Уникальный дизайн", "description": "Описание продукта", "price": "309.60", "quantity": 14, "is_active": true}}, {"model": "mainapp.product", "pk": 2, "fields": {"category": 2, "name": "Отличный диван", "image": "products_images/product-3-sm.jpg", "short_desc": "Вместительный", "description": "Для всей семьи", "price": "1979.56", "quantity": 197, "is_active": true}}, {"model": "mainapp.product", "pk": 3, "fields": {"category": 1, "name": "Стул красный", "image": "products_images/controll2.jpg", "short_desc": "Краткое описание продукта 1", "description": "Описание продукта", "price": "4130.10", "quantity": 17, "is_active": true}}, {"model": "mainapp.product", "pk": 5, "fields": {"category": 1, "name": "Стул 3", "image": "products_images/controll1.jpg", "short_desc": "пыав", "description": "фпфвып", "price": "2180.70", "quantity": 234, "is_active": true}}, {"model": "mainapp.product", "pk": 7, "fields": {"category": 2, "name": "Диван 2", "image": "products_images/sofa_1_sUyeK4U.jpeg", "short_desc": "Краткое описание продукта 2", "description": "Краткое описание продукта 2", "price": "12.00", "quantity": 13, "is_active": true}}, {"model": "mainapp.product", "pk": 8, "fields": {"category": 2, "name": "Диван 3", "image": "products_images/sofa_2_6bGzO53.jpg", "short_desc": "Краткое описание продукта 3", "description": "Краткое описание продукта 3", "price": "540.00", "quantity": 32, "is_active": true}}, {"model": "mainapp.product", "pk": 9, "fields": {"category": 2, "name": "Диван 4", "image": "products_images/sofa_5_v3Je3Zq.jpg", "short_desc": "Краткое описание продукта 4", "description": "Краткое описание продукта 4", "price": "34.00", "quantity": 323, "is_active": true}}, {"model": "mainapp.product", "pk": 10, "fields": {"category": 2, "name": "Диван 5", "image": "products_images/sofa_3_WmB1qnE.jpg", "short_desc": "Краткое описание продукта 5", "description": "Краткое описание продукта 5", "price": "45.00", "quantity": 66, "is_active": true}}, {"model": "mainapp.product", "pk": 11, "fields": {"category": 2, "name": "Диван 6", "image": "products_images/sofa_7_2X6mFK5.jpg", "short_desc": "Краткое описание продукта 6", "description": "Краткое описание продукта 26", "price": "564.00", "quantity": 4, "is_active": true}}, {"model": "mainapp.product", "pk": 12, "fields": {"category": 1, "name": "Стул 3", "image": "products_images/cheir_2_qVYueUB.jpg", "short_desc": "Стул 3", "description": "Краткое описание продукта 2478", "price": "507.60", "quantity": 63, "is_active": true}}, {"model": "mainapp.product", "pk": 13, "fields": {"category": 1, "name": "Стул 4", "image": "products_images/chqir_3_ZTWcC1J.jpg", "short_desc": "Краткое описание продукта 9", "description": "Краткое описание продукта 254", "price": "70.20", "quantity": 87, "is_active": true}}, {"model": "mainapp.product", "pk": 14, "fields": {"category": 3, "name": "Модерн 1", "image": "products_images/modern_1_gV53Lxn.jpg", "short_desc": "Краткое описание продукта 1", "description": "Краткое описание продукта 1", "price": "12.00", "quantity": 12, "is_active": true}}, {"model": "mainapp.product", "pk": 15, "fields": {"category": 3, "name": "Модерн 2", "image": "products_images/modern_2_u32lnzr.jpeg", "short_desc": "Краткое описание продукта 2", "description": "Краткое описание продукта 1ы", "price": "45.00", "quantity": 5, "is_active": true}}, {"model": "mainapp.product", "pk": 16, "fields": {"category": 3, "name": "Модерн 3", "image": "products_images/modern_3_OwC1bED.jpg", "short_desc": "йы", "description": "ыйц", "price": "465.00", "quantity": 322, "is_active": true}}, {"model": "mainapp.product", "pk": 17, "fields": {"category": 4, "name": "Классика 1", "image": "products_images/classic_1_Mr5v3wt.jpg", "short_desc": "Краткое описание продукта 1ыф", "description": "фыа", "price": "456.00", "quantity": 564, "is_active": false}}, {"model": "mainapp.product", "pk": 18, "fields": {"category": 4, "name": "Классика 2", "image": "products_images/calssic_2_mBpIC4O.jpg", "short_desc": "Краткое описание продукта 2", "description": "фыпфы", "price": "234.00", "quantity": 1, "is_active": false}}, {"model": "mainapp.product", "pk": 19, "fields": {"category": 4, "name": "Классика 3", "image": "products_images/classic_3_CPgFmke.jpg", "short_desc": "ц5н34563", "description": "234авыпавм", "price": "324.00", "quantity": 2, "is_active": false}}, {"model": "authapp.shopuser", "pk": 1, "fields": {"password": "pbkdf2_sha256$260000$kmhpBfNxeWgkb921aav3xH$LA31C0agA5zY2Hi+L2lGI0vYyPzi4mys1GRgVDBlhyo=", "last_login": "2021-09-12T13:24:04.559", "is_superuser": true, "username": "django", "first_name": "Fedor", "last_name": "", "email": "django@geekshop.local", "is_staff": true, "is_active": true, "date_joined": "2021-08-06T21:46:50", "avatar": "users_avatars/product-1_Tw0z0AR.jpg", "age": 30, "activation_key": "", "activation_key_expires": "2021-08-18T16:32:56.602", "groups": [], "user_permissions": []}}, {"model": "authapp.shopuser", "pk": 2, "fields": {"password": "pbkdf2_sha256$260000$n8VrHUsltlS3GG9zzjOLvV$HPxszJ4J4Xa8hjcP0aiaZ81rvYVQDtT86S3emwsESso=", "last_login": null, "is_superuser": false, "username": "Admin", "first_name": "Admin", "last_name": "", "email": "dsalfj@ldskgfj.com", "is_staff": false, "is_active": false, "date_joined": "2021-08-08T18:13:29", "avatar": "", "age": 23, "activation_key": "", "activation_key_expires": "2021-08-18T16:32:56.602", "groups": [], "user_permissions": []}}, {"model": "authapp.shopuser", "pk": 3, "fields": {"password": "pbkdf2_sha256$260000$JsDLXSMh9gAgOBFtN5yVwF$kz6b+9z5o9VEJFJNiioawjqB2l1smbxcvdMJ11XVY+c=", "last_login": "2021-08-16T17:40:43.224", "is_superuser": false, "username": "qwerty123", "first_name": "Anton", "last_name": "", "email": "kjdshg@kjakf.com", "is_staff": false, "is_active": true, "date_joined": "2021-08-16T17:21:10.164", "avatar": "", "age": 45, "activation_key": "5edfbc80dde16b4a58f64fc13a28c63ec5874b68", "activation_key_expires": "2021-08-18T17:20:15.314", "groups": [], "user_permissions": []}}, {"model": "authapp.shopuser", "pk": 5, "fields": {"password": "pbkdf2_sha256$260000$UesUKeIhYZDTgC8FMxj5sa$nMPr1dZ/5/OBUgOuPlHLmBfbbqBgQSkIFqCa7epPOf8=", "last_login": "2021-08-17T16:05:10.527", "is_superuser": false, "username": "part_1", "first_name": "new_name", "last_name": "", "email": "lkgd@lkfdsg.com", "is_staff": false, "is_active": true, "date_joined": "2021-08-17T15:55:42.681", "avatar": "", "age": 18, "activation_key": "d280895bfde5e15d810ebe322c26ff4cfea923e3", "activation_key_expires": "2021-08-19T15:52:08.613", "groups": [], "user_permissions": []}}, {"model": "authapp.shopuser", "pk": 6, "fields": {"password": "!dwWGs64Q2r8ZsareqUqZ1m4Piq5CXl7maFFUtmZo", "last_login": "2021-08-25T14:19:40.967", "is_superuser": false, "username": "bitter___lemon", "first_name": "Bitter", "last_name": "Lemon", "email": "", "is_staff": false, "is_active": true, "date_joined": "2021-08-17T19:18:54.810", "avatar": "", "age": 20, "activation_key": "", "activation_key_expires": "2021-08-19T19:18:52.035", "groups": [], "user_permissions": []}}, {"model": "authapp.shopuserprofile", "pk": 1, "fields": {"user": 1, "tagline": "", "aboutMe": "", "gender": ""}}, {"model": "authapp.shopuserprofile", "pk": 2, "fields": {"user": 2, "tagline": "", "aboutMe": "", "gender": ""}}, {"model": "authapp.shopuserprofile", "pk": 3, "fields": {"user": 3, "tagline": "", "aboutMe": "", "gender": ""}}, {"model": "authapp.shopuserprofile", "pk": 5, "fields": {"user": 5, "tagline": "", "aboutMe": "", "gender": ""}}, {"model": "authapp.shopuserprofile", "pk": 6, "fields": {"user": 6, "tagline": "", "aboutMe": "", "gender": "M"}}, {"model": "basketapp.basket", "pk": 11, "fields": {"user": 6, "product": 1, "quantity": 1, "add_datetime": "2021-08-25T12:27:46.054"}}, {"model": "basketapp.basket", "pk": 20, "fields": {"user": 1, "product": 12, "quantity": 1, "add_datetime": "2021-09-09T06:41:40.207"}}, {"model": "ordersapp.order", "pk": 1, "fields": {"user": 1, "created": "2021-08-24T18:20:15.665", "updated": "2021-08-24T18:20:15.665", "status": "STP", "is_active": true}}, {"model": "ordersapp.order", "pk": 2, "fields": {"user": 1, "created": "2021-08-25T10:41:48.014", "updated": "2021-08-25T10:41:48.036", "status": "FM", "is_active": false}}, {"model": "ordersapp.order", "pk": 3, "fields": {"user": 1, "created": "2021-08-25T10:41:57.289", "updated": "2021-08-25T10:41:57.302", "status": "FM", "is_active": false}}, {"model": "ordersapp.order", "pk": 4, "fields": {"user": 1, "created": "2021-08-25T10:42:00.417", "updated": "2021-08-25T10:42:00.436", "status": "FM", "is_active": false}}, {"model": "ordersapp.order", "pk": 5, "fields": {"user": 1, "created": "2021-08-25T10:42:30.348", "updated": "2021-08-25T10:42:30.360", "status": "FM", "is_active": false}}, {"model": "ordersapp.order", "pk": 6, "fields": {"user": 1, "created": "2021-08-25T10:43:05.681", "updated": "2021-08-25T10:43:30.094", "status": "STP", "is_active": true}}, {"model": "ordersapp.order", "pk": 7, "fields": {"user": 1, "created": "2021-08-25T10:47:02.413", "updated": "2021-08-25T10:51:51.909", "status": "FM", "is_active": false}}, {"model": "ordersapp.order", "pk": 8, "fields": {"user": 1, "created": "2021-08-25T10:52:54.385", "updated": "2021-08-25T12:19:33.350", "status": "STP", "is_active": true}}, {"model": "ordersapp.order", "pk": 9, "fields": {"user": 1, "created": "2021-08-25T12:23:19.244", "updated": "2021-08-25T12:43:08.461", "status": "FM", "is_active": false}}, {"model": "ordersapp.order", "pk": 10, "fields": {"user": 6, "created": "2021-08-25T12:25:04.169", "updated": "2021-08-25T12:25:04.188", "status": "FM", "is_active": true}}, {"model": "ordersapp.order", "pk": 11, "fields": {"user": 1, "created": "2021-08-25T12:42:24.929", "updated": "2021-08-25T12:42:24.950", "status": "FM", "is_active": false}}, {"model": "ordersapp.order", "pk": 12, "fields": {"user": 1, "created": "2021-08-25T12:43:33.902", "updated": "2021-08-25T13:32:18.857", "status": "FM", "is_active": false}}, {"model": "ordersapp.order", "pk": 13, "fields": {"user": 1, "created": "2021-08-25T13:32:26.905", "updated": "2021-09-04T15:44:44.485", "status": "FM", "is_active": true}}, {"model": "ordersapp.order", "pk": 14, "fields": {"user": 1, "created": "2021-08-25T13:55:21.899", "updated": "2021-09-04T15:44:10.690", "status": "FM", "is_active": true}}, {"model": "ordersapp.orderitem", "pk": 1, "fields": {"order": 6, "product": 1, "quantity": 1}}, {"model": "ordersapp.orderitem", "pk": 2, "fields": {"order": 7, "product": 7, "quantity": 2}}, {"model": "ordersapp.orderitem", "pk": 3, "fields": {"order": 8, "product": 11, "quantity": 2}}, {"model": "ordersapp.orderitem", "pk": 4, "fields": {"order": 9, "product": 19, "quantity": 2}}, {"model": "ordersapp.orderitem", "pk": 5, "fields": {"order": 10, "product": 2, "quantity": 1}}, {"model": "ordersapp.orderitem", "pk": 6, "fields": {"order": 12, "product": 1, "quantity": 3}}, {"model": "ordersapp.orderitem", "pk": 7, "fields": {"order": 13, "product": 14, "quantity": 8}}, {"model": "ordersapp.orderitem", "pk": 8, "fields": {"order": 14, "product": 9, "quantity": 2}}, {"model": "ordersapp.orderitem", "pk": 9, "fields": {"order": 14, "product": 16, "quantity": 1}}, {"model": "ordersapp.orderitem", "pk": 10, "fields": {"order": 14, "product": 15, "quantity": 1}}, {"model": "social_django.usersocialauth", "pk": 2, "fields": {"user": 6, "provider": "vk-oauth2", "uid": "669949047", "extra_data": "{\"auth_time\": 1629901180, \"id\": 669949047, \"expires\": 86400, \"access_token\": \"a5c36e5304fdf111a36b76a624dcc9dd48ad2e606df9ee3300b668c9c9becb9ffd998d8c68699f6a5c4e6\", \"token_type\": null}", "created": "2021-08-17T19:18:54.958", "modified": "2021-08-25T14:19:40.957"}}]